{
  "AAPL": 166.6259007792043,
  "MSFT": 378.0492846314688,
  "NVDA": 778.3468965387514,
  "AMZN": 171.5958039881031,
  "META": 503.14634488795946,
  "GOOGL": 164.22264192544466,
  "GOOG": 160.21550586946236,
  "TSLA": 238.6147903126056,
  "AVGO": 1298.715037839581,
  "COST": 750.7531319789277,
  "NFLX": 621.3279573230988,
  "AMD": 164.85370514119543,
  "QCOM": 167.4229243733796,
  "INTC": 28.67729449639408,
  "ADBE": 458.3163844373191,
  "AMAT": 185.60276280127437,
  "MU": 114.85507641441069,
  "LRCX": 863.0795642724104,
  "KLAC": 626.3535060597264,
  "SNPS": 488.6736232745311,
  "CDNS": 271.69112406229664,
  "PANW": 312.538014864352,
  "CRWD": 389.72518639998765,
  "MRVL": 72.43597122883257,
  "ASML": 930.261577147407,
  "TMUS": 180.60273204447958,
  "ISRG": 401.28812391392097,
  "REGN": 951.439227733682,
  "VRTX": 421.5106565193879,
  "GILD": 70.87169361319143,
  "AMGN": 284.95699413819517,
  "BIIB": 197.3210870912464,
  "IDXX": 448.79018579112693,
  "DXCM": 65.79914755980161,
  "ILMN": 101.18255750644865,
  "ADP": 237.98750221364097,
  "PAYX": 127.96472592295777,
  "CTAS": 164.0771304960847,
  "VRSK": 238.6155938306408,
  "FAST": 67.17346694798232,
  "ODFL": 179.19132592589872,
  "PCAR": 100.16297014188653,
  "ROST": 135.4656401215439,
  "DLTR": 60.32032856004666,
  "ORLY": 931.8903613096345,
  "MNST": 50.84507206821089,
  "MDLZ": 61.974196076346196,
  "INTU": 570.7826194124168,
  "CPRT": 55.10244412608198,
  "FTNT": 66.3615166534201,
  "TEAM": 177.7387180426953,
  "ANSS": 318.1679659518299,
  "WDAY": 237.65731900555377,
  "ZM": 63.935297434837615,
  "OKTA": 87.58728946095489,
  "DDOG": 113.47347723107104,
  "NET": 93.42226790645071,
  "ZS": 186.48309924636325,
  "SNOW": 146.0747483876668,
  "PLTR": 24.614729847106023,
  "COIN": 221.40420126519476,
  "HOOD": 18.915525612417145,
  "SQ": 68.38874499993211,
  "PYPL": 56.94515315195946,
  "EBAY": 47.83179488899719,
  "ETSY": 60.28568612924133,
  "SHOP": 69.55701786982506,
  "MELI": 1615.540729570408,
  "BIDU": 86.99280228315402,
  "JD": 27.383991872087947,
  "PDD": 116.52070973476128,
  "BABA": 78.67078002097912,
  "NTES": 89.69622774257182,
  "RBLX": 36.632145625018865,
  "SNAP": 11.268394596380945,
  "PINS": 30.486290322735936,
  "LYFT": 12.005463974103838,
  "UBER": 69.64252406722137,
  "DASH": 142.90446954315695,
  "ABNB": 139.01795223311456,
  "RIVN": 11.639359730561429,
  "LCID": 3.004157341098496,
  "NIO": 4.5839656818230665,
  "XPEV": 9.68144512122727,
  "UPST": 26.363753185490364,
  "AFRM": 34.70510404546326,
  "SOFI": 7.013373034658833,
  "HUBS": 513.1713489319852,
  "BILL": 64.15473863935537,
  "TOST": 23.195254475502512,
  "U": 17.03692015296096,
  "GTLB": 51.111903554812805,
  "S": 23.168354545854218,
  "IONQ": 13.61939231347952,
  "RGTI": 11.363187667380089,
  "SMCI": 640.1881583616885,
  "ARM": 138.73431376722684,
  "ACHR": 7.493845207224547,
  "JOBY": 6.23423348574151,
  "SOUN": 10.400700335129233,
  "AI": 26.793815379886208,
  "OPEN": 1.9781237743212985,
  "MPWR": 638.6732763604285,
  "ENPH": 98.60224849700583,
  "FSLR": 173.6210836286836,
  "PLUG": 2.0353210007093763,
  "BE": 11.17888172440581,
  "NXPI": 225.65142527635078,
  "MCHP": 79.14673563480525,
  "ON": 57.002677633726925,
  "TXN": 164.94545548433985,
  "ADI": 202.21877250092118,
  "WDC": 50.69870913644888,
  "STX": 87.466113868991,
  "NTAP": 104.95441515698515,
  "PSTG": 58.57761226232051,
  "EA": 125.23682791748043,
  "TTWO": 137.4912973752339,
  "VRNS": 46.57135580338931,
  "MDB": 284.6294392716453,
  "CFLT": 26.00469311707938,
  "DOCN": 32.94735275339443,
  "TWLO": 58.78160037712657,
  "MSTR": 1630.5723408241236,
  "SMAR": 49.26128125390691,
  "APPF": 217.55948474401214,
  "PCTY": 151.2921402186343,
  "PAYC": 145.14747353199365,
  "AVAV": 187.69106175531675,
  "KTOS": 24.70381383116925,
  "CACI": 430.7014586806978,
  "SAIC": 118.89240233771152,
  "LDOS": 141.56734384187854,
  "XLNX": 183.9022974290929,
  "SPLK": 144.14829829307018,
  "NCNO": 29.620104925934385,
  "FSLY": 7.804067288672047,
  "ESTC": 71.90440643373788,
  "DOCU": 59.34420998174714,
  "RUN": 9.341015940758725,
  "CHPT": 1.907914159430376,
  "RXRX": 8.280540867971014,
  "BBAI": 3.629648910064737,
  "QUBT": 6.419960935263655,
  "JPM": 192.59047295741703,
  "BAC": 35.56185972871107,
  "WFC": 48.796507632251505,
  "GS": 475.5904452809515,
  "MS": 94.8117109192087,
  "C": 54.95684714353166,
  "USB": 39.9830928857328,
  "AXP": 225.06500331197893,
  "COF": 135.20080638137625,
  "TFC": 35.52471384584022,
  "PNC": 150.05819088279708,
  "V": 255.7077107429711,
  "MA": 441.8544420847906,
  "BLK": 824.7202488946888,
  "SCHW": 67.88964619434523,
  "SPGI": 468.9116133114038,
  "MCO": 392.8108797763063,
  "ICE": 136.04703027571983,
  "CME": 201.6334305024858,
  "AON": 282.44951432195364,
  "MMC": 200.50263836506454,
  "BRKB": 329.59815299682987,
  "JNJ": 139.72573061235215,
  "PFE": 26.290207545305176,
  "MRK": 98.98477176344397,
  "ABT": 111.51753765595085,
  "LLY": 736.6646317463535,
  "UNH": 492.5591276269935,
  "ABBV": 169.58337460619506,
  "BMY": 46.58549501616567,
  "CVS": 52.12452854798591,
  "CI": 309.04080366578177,
  "HUM": 295.89603880563175,
  "MDT": 70.01111855663453,
  "SYK": 321.6743030062968,
  "BDX": 216.4653782883684,
  "EW": 86.15242938759116,
  "ZTS": 179.57075635074574,
  "MCK": 529.5495598102342,
  "CAH": 106.6897056164688,
  "XOM": 99.28092356143091,
  "CVX": 145.22942740851164,
  "COP": 110.11428361082193,
  "EOG": 111.44950540118518,
  "SLB": 44.610308685950606,
  "OXY": 56.727962824561565,
  "PSX": 134.33119196405153,
  "VLO": 147.76732987958587,
  "MPC": 173.32027775708053,
  "HES": 132.35316156095163,
  "KMI": 18.24120418845176,
  "WMB": 31.37828718787436,
  "PG": 145.0507126621394,
  "KO": 56.119103775223785,
  "PEP": 158.14098849066522,
  "WMT": 66.7820110000292,
  "MO": 42.42396008126897,
  "PM": 89.47460502603457,
  "CL": 82.60755081877687,
  "KMB": 120.78265024206313,
  "GIS": 60.34566381249782,
  "CAG": 24.19029639746751,
  "CPB": 40.16200774227987,
  "HD": 362.9580152065004,
  "LOW": 209.3825144738854,
  "MCD": 256.3883359508439,
  "SBUX": 84.18039964365164,
  "NKE": 69.26520665691909,
  "TGT": 127.99312545494968,
  "TJX": 103.51112421224202,
  "GM": 42.28490038810822,
  "F": 11.016221016115697,
  "CMG": 52.34900742895943,
  "DPZ": 370.2909559362182,
  "LULU": 292.66065552198506,
  "RCL": 129.16908106994225,
  "CCL": 17.396579133037918,
  "MGM": 36.066020201621065,
  "LVS": 48.57985918564967,
  "YUM": 113.23334105862811,
  "GRMN": 164.29558059387298,
  "BA": 160.7083368643344,
  "RTX": 88.3397828285329,
  "LMT": 521.5374221023834,
  "NOC": 443.7232500875336,
  "GD": 259.51434813482194,
  "CAT": 331.1667995677115,
  "DE": 389.7974783303867,
  "HON": 204.49974162227696,
  "MMM": 100.74775209714,
  "GE": 163.28976642075807,
  "UPS": 123.95454829238119,
  "FDX": 271.5810010791682,
  "WM": 195.1540655087719,
  "RSG": 208.07566239371982,
  "ETN": 295.83912499143963,
  "EMR": 94.92577436002604,
  "ROK": 238.843691541577,
  "PH": 511.56141370680496,
  "AME": 163.1124978949034,
  "IR": 80.19746006539012,
  "CARR": 62.53770352984568,
  "OTIS": 83.34846806633767,
  "XYL": 116.38657097864339,
  "DIS": 99.70507286499043,
  "CMCSA": 40.541262152949756,
  "VZ": 37.43503581727178,
  "T": 15.284186142019994,
  "WBD": 8.847264712602026,
  "IPG": 25.617903175802,
  "OMC": 87.35262507322808,
  "NEE": 65.5526063727637,
  "DUK": 93.92968626557258,
  "SO": 68.42024380796286,
  "D": 41.459573276726964,
  "AEP": 80.94611740004777,
  "XEL": 55.00458655888198,
  "SRE": 70.08950483232925,
  "AWK": 116.21823946170802,
  "CEG": 182.65542635169507,
  "AMT": 183.73731649783278,
  "PLD": 112.28528556494986,
  "CCI": 107.20413116534229,
  "SPG": 154.96830531399718,
  "PSA": 280.17214281453016,
  "WELL": 94.47917282050969,
  "EQR": 52.79460865316626,
  "AVB": 175.7163118507567,
  "O": 51.98984530319695,
  "LIN": 425.94836308052413,
  "APD": 241.22537846603453,
  "ECL": 214.8069405411428,
  "SHW": 320.64692010238855,
  "FCX": 34.34654106352033,
  "NEM": 37.35254031143193,